"SK_ID_CURR","TARGET","NAME_CONTRACT_TYPE","CODE_GENDER","FLAG_OWN_CAR","FLAG_OWN_REALTY","CNT_CHILDREN","AMT_INCOME_TOTAL","AMT_CREDIT","AMT_ANNUITY","AMT_GOODS_PRICE","NAME_TYPE_SUITE","NAME_INCOME_TYPE","NAME_EDUCATION_TYPE","NAME_FAMILY_STATUS","NAME_HOUSING_TYPE","REGION_POPULATION_RELATIVE","DAYS_BIRTH","DAYS_EMPLOYED","DAYS_REGISTRATION","DAYS_ID_PUBLISH","OWN_CAR_AGE","FLAG_MOBIL","FLAG_EMP_PHONE","FLAG_WORK_PHONE","FLAG_CONT_MOBILE","FLAG_PHONE","FLAG_EMAIL","OCCUPATION_TYPE","CNT_FAM_MEMBERS","REGION_RATING_CLIENT","REGION_RATING_CLIENT_W_CITY","WEEKDAY_APPR_PROCESS_START","HOUR_APPR_PROCESS_START","REG_REGION_NOT_LIVE_REGION","REG_REGION_NOT_WORK_REGION","LIVE_REGION_NOT_WORK_REGION","REG_CITY_NOT_LIVE_CITY","REG_CITY_NOT_WORK_CITY","LIVE_CITY_NOT_WORK_CITY","ORGANIZATION_TYPE","EXT_SOURCE_1","EXT_SOURCE_2","EXT_SOURCE_3","APARTMENTS_AVG","BASEMENTAREA_AVG","YEARS_BEGINEXPLUATATION_AVG","YEARS_BUILD_AVG","COMMONAREA_AVG","ELEVATORS_AVG","ENTRANCES_AVG","FLOORSMAX_AVG","FLOORSMIN_AVG","LANDAREA_AVG","LIVINGAPARTMENTS_AVG","LIVINGAREA_AVG","NONLIVINGAPARTMENTS_AVG","NONLIVINGAREA_AVG","APARTMENTS_MODE","BASEMENTAREA_MODE","YEARS_BEGINEXPLUATATION_MODE","YEARS_BUILD_MODE","COMMONAREA_MODE","ELEVATORS_MODE","ENTRANCES_MODE","FLOORSMAX_MODE","FLOORSMIN_MODE","LANDAREA_MODE","LIVINGAPARTMENTS_MODE","LIVINGAREA_MODE","NONLIVINGAPARTMENTS_MODE","NONLIVINGAREA_MODE","APARTMENTS_MEDI","BASEMENTAREA_MEDI","YEARS_BEGINEXPLUATATION_MEDI","YEARS_BUILD_MEDI","COMMONAREA_MEDI","ELEVATORS_MEDI","ENTRANCES_MEDI","FLOORSMAX_MEDI","FLOORSMIN_MEDI","LANDAREA_MEDI","LIVINGAPARTMENTS_MEDI","LIVINGAREA_MEDI","NONLIVINGAPARTMENTS_MEDI","NONLIVINGAREA_MEDI","FONDKAPREMONT_MODE","HOUSETYPE_MODE","TOTALAREA_MODE","WALLSMATERIAL_MODE","EMERGENCYSTATE_MODE","OBS_30_CNT_SOCIAL_CIRCLE","DEF_30_CNT_SOCIAL_CIRCLE","OBS_60_CNT_SOCIAL_CIRCLE","DEF_60_CNT_SOCIAL_CIRCLE","DAYS_LAST_PHONE_CHANGE","FLAG_DOCUMENT_2","FLAG_DOCUMENT_3","FLAG_DOCUMENT_4","FLAG_DOCUMENT_5","FLAG_DOCUMENT_6","FLAG_DOCUMENT_7","FLAG_DOCUMENT_8","FLAG_DOCUMENT_9","FLAG_DOCUMENT_10","FLAG_DOCUMENT_11","FLAG_DOCUMENT_12","FLAG_DOCUMENT_13","FLAG_DOCUMENT_14","FLAG_DOCUMENT_15","FLAG_DOCUMENT_16","FLAG_DOCUMENT_17","FLAG_DOCUMENT_18","FLAG_DOCUMENT_19","FLAG_DOCUMENT_20","FLAG_DOCUMENT_21","AMT_REQ_CREDIT_BUREAU_HOUR","AMT_REQ_CREDIT_BUREAU_DAY","AMT_REQ_CREDIT_BUREAU_WEEK","AMT_REQ_CREDIT_BUREAU_MON","AMT_REQ_CREDIT_BUREAU_QRT","AMT_REQ_CREDIT_BUREAU_YEAR"
100002,1,"Cash loans","M","N","Y",0,202500,406597.5,24700.5,351000,"Unaccompanied","Working","Secondary / secondary special","Single / not married","House / apartment",0.018801,-9461,-637,-3648,-2120,NA,1,1,0,1,1,0,"Laborers",1,2,2,"WEDNESDAY",10,0,0,0,0,0,0,"Business Entity Type 3",0.0830369673913226,0.262948592747178,0.13937578009979,0.0247,0.0369,0.9722,0.6192,0.0143,0,0.069,0.0833,0.125,0.0369,0.0202,0.019,0,0,0.0252,0.0383,0.9722,0.6341,0.0144,0,0.069,0.0833,0.125,0.0377,0.022,0.0198,0,0,0.025,0.0369,0.9722,0.6243,0.0144,0,0.069,0.0833,0.125,0.0375,0.0205,0.0193,0,0,"reg oper account","block of flats",0.0149,"Stone, brick","No",2,2,2,2,-1134,0,1,0,0,0,0,0,0,0,0,0,0,0,0,0,0,0,0,0,0,0,0,0,0,0,1
100003,0,"Cash loans","F","N","N",0,270000,1293502.5,35698.5,1129500,"Family","State servant","Higher education","Married","House / apartment",0.003541,-16765,-1188,-1186,-291,NA,1,1,0,1,1,0,"Core staff",2,1,1,"MONDAY",11,0,0,0,0,0,0,"School",0.311267311381222,0.62224577525551,NA,0.0959,0.0529,0.9851,0.796,0.0605,0.08,0.0345,0.2917,0.3333,0.013,0.0773,0.0549,0.0039,0.0098,0.0924,0.0538,0.9851,0.804,0.0497,0.0806,0.0345,0.2917,0.3333,0.0128,0.079,0.0554,0,0,0.0968,0.0529,0.9851,0.7987,0.0608,0.08,0.0345,0.2917,0.3333,0.0132,0.0787,0.0558,0.0039,0.01,"reg oper account","block of flats",0.0714,"Block","No",1,0,1,0,-828,0,1,0,0,0,0,0,0,0,0,0,0,0,0,0,0,0,0,0,0,0,0,0,0,0,0
100004,0,"Revolving loans","M","Y","Y",0,67500,135000,6750,135000,"Unaccompanied","Working","Secondary / secondary special","Single / not married","House / apartment",0.010032,-19046,-225,-4260,-2531,26,1,1,1,1,1,0,"Laborers",1,2,2,"MONDAY",9,0,0,0,0,0,0,"Government",NA,0.555912083390443,0.729566690706015,NA,NA,NA,NA,NA,NA,NA,NA,NA,NA,NA,NA,NA,NA,NA,NA,NA,NA,NA,NA,NA,NA,NA,NA,NA,NA,NA,NA,NA,NA,NA,NA,NA,NA,NA,NA,NA,NA,NA,NA,NA,NA,"","",NA,"","",0,0,0,0,-815,0,0,0,0,0,0,0,0,0,0,0,0,0,0,0,0,0,0,0,0,0,0,0,0,0,0
100006,0,"Cash loans","F","N","Y",0,135000,312682.5,29686.5,297000,"Unaccompanied","Working","Secondary / secondary special","Civil marriage","House / apartment",0.008019,-19005,-3039,-9833,-2437,NA,1,1,0,1,0,0,"Laborers",2,2,2,"WEDNESDAY",17,0,0,0,0,0,0,"Business Entity Type 3",NA,0.650441690401465,NA,NA,NA,NA,NA,NA,NA,NA,NA,NA,NA,NA,NA,NA,NA,NA,NA,NA,NA,NA,NA,NA,NA,NA,NA,NA,NA,NA,NA,NA,NA,NA,NA,NA,NA,NA,NA,NA,NA,NA,NA,NA,NA,"","",NA,"","",2,0,2,0,-617,0,1,0,0,0,0,0,0,0,0,0,0,0,0,0,0,0,0,0,0,NA,NA,NA,NA,NA,NA
100007,0,"Cash loans","M","N","Y",0,121500,513000,21865.5,513000,"Unaccompanied","Working","Secondary / secondary special","Single / not married","House / apartment",0.028663,-19932,-3038,-4311,-3458,NA,1,1,0,1,0,0,"Core staff",1,2,2,"THURSDAY",11,0,0,0,0,1,1,"Religion",NA,0.322738286970405,NA,NA,NA,NA,NA,NA,NA,NA,NA,NA,NA,NA,NA,NA,NA,NA,NA,NA,NA,NA,NA,NA,NA,NA,NA,NA,NA,NA,NA,NA,NA,NA,NA,NA,NA,NA,NA,NA,NA,NA,NA,NA,NA,"","",NA,"","",0,0,0,0,-1106,0,0,0,0,0,0,1,0,0,0,0,0,0,0,0,0,0,0,0,0,0,0,0,0,0,0
100008,0,"Cash loans","M","N","Y",0,99000,490495.5,27517.5,454500,"Spouse, partner","State servant","Secondary / secondary special","Married","House / apartment",0.035792,-16941,-1588,-4970,-477,NA,1,1,1,1,1,0,"Laborers",2,2,2,"WEDNESDAY",16,0,0,0,0,0,0,"Other",NA,0.354224731992901,0.621226338062667,NA,NA,NA,NA,NA,NA,NA,NA,NA,NA,NA,NA,NA,NA,NA,NA,NA,NA,NA,NA,NA,NA,NA,NA,NA,NA,NA,NA,NA,NA,NA,NA,NA,NA,NA,NA,NA,NA,NA,NA,NA,NA,"","",NA,"","",0,0,0,0,-2536,0,1,0,0,0,0,0,0,0,0,0,0,0,0,0,0,0,0,0,0,0,0,0,0,1,1
100009,0,"Cash loans","F","Y","Y",1,171000,1560726,41301,1395000,"Unaccompanied","Commercial associate","Higher education","Married","House / apartment",0.035792,-13778,-3130,-1213,-619,17,1,1,0,1,1,0,"Accountants",3,2,2,"SUNDAY",16,0,0,0,0,0,0,"Business Entity Type 3",0.77476141305477,0.723999851695314,0.492060093864926,NA,NA,NA,NA,NA,NA,NA,NA,NA,NA,NA,NA,NA,NA,NA,NA,NA,NA,NA,NA,NA,NA,NA,NA,NA,NA,NA,NA,NA,NA,NA,NA,NA,NA,NA,NA,NA,NA,NA,NA,NA,NA,"","",NA,"","",1,0,1,0,-1562,0,0,0,0,0,0,1,0,0,0,0,0,1,0,0,0,0,0,0,0,0,0,0,1,1,2
100010,0,"Cash loans","M","Y","Y",0,360000,1530000,42075,1530000,"Unaccompanied","State servant","Higher education","Married","House / apartment",0.003122,-18850,-449,-4597,-2379,8,1,1,1,1,0,0,"Managers",2,3,3,"MONDAY",16,0,0,0,0,1,1,"Other",NA,0.714279286448223,0.540654450445358,NA,NA,NA,NA,NA,NA,NA,NA,NA,NA,NA,NA,NA,NA,NA,NA,NA,NA,NA,NA,NA,NA,NA,NA,NA,NA,NA,NA,NA,NA,NA,NA,NA,NA,NA,NA,NA,NA,NA,NA,NA,NA,"","",NA,"","",2,0,2,0,-1070,0,1,0,0,0,0,0,0,0,0,0,0,0,0,0,0,0,0,0,0,0,0,0,0,0,0
100011,0,"Cash loans","F","N","Y",0,112500,1019610,33826.5,913500,"Children","Pensioner","Secondary / secondary special","Married","House / apartment",0.018634,-20099,365243,-7427,-3514,NA,1,0,0,1,0,0,"",2,2,2,"WEDNESDAY",14,0,0,0,0,0,0,"XNA",0.587334046873038,0.205747288007328,0.751723714774149,NA,NA,NA,NA,NA,NA,NA,NA,NA,NA,NA,NA,NA,NA,NA,NA,NA,NA,NA,NA,NA,NA,NA,NA,NA,NA,NA,NA,NA,NA,NA,NA,NA,NA,NA,NA,NA,NA,NA,NA,NA,NA,"","",NA,"","",1,0,1,0,0,0,1,0,0,0,0,0,0,0,0,0,0,0,0,0,0,0,0,0,0,0,0,0,0,0,1
100012,0,"Revolving loans","M","N","Y",0,135000,405000,20250,405000,"Unaccompanied","Working","Secondary / secondary special","Single / not married","House / apartment",0.019689,-14469,-2019,-14437,-3992,NA,1,1,0,1,0,0,"Laborers",1,2,2,"THURSDAY",8,0,0,0,0,0,0,"Electricity",NA,0.746643629459092,NA,NA,NA,NA,NA,NA,NA,NA,NA,NA,NA,NA,NA,NA,NA,NA,NA,NA,NA,NA,NA,NA,NA,NA,NA,NA,NA,NA,NA,NA,NA,NA,NA,NA,NA,NA,NA,NA,NA,NA,NA,NA,NA,"","",NA,"","",2,0,2,0,-1673,0,0,0,0,0,0,0,0,0,0,0,0,0,0,0,0,0,0,0,0,NA,NA,NA,NA,NA,NA
100014,0,"Cash loans","F","N","Y",1,112500,652500,21177,652500,"Unaccompanied","Working","Higher education","Married","House / apartment",0.0228,-10197,-679,-4427,-738,NA,1,1,0,1,0,0,"Core staff",3,2,2,"SATURDAY",15,0,0,0,0,0,0,"Medicine",0.319760171675503,0.651862333424478,0.363945238612397,NA,NA,NA,NA,NA,NA,NA,NA,NA,NA,NA,NA,NA,NA,NA,NA,NA,NA,NA,NA,NA,NA,NA,NA,NA,NA,NA,NA,NA,NA,NA,NA,NA,NA,NA,NA,NA,NA,NA,NA,NA,NA,"","",NA,"","",0,0,0,0,-844,0,1,0,0,0,0,0,0,0,0,0,0,0,0,0,0,0,0,0,0,0,0,0,1,0,0
100015,0,"Cash loans","F","N","Y",0,38419.155,148365,10678.5,135000,"Children","Pensioner","Secondary / secondary special","Married","House / apartment",0.015221,-20417,365243,-5246,-2512,NA,1,0,0,1,1,0,"",2,2,2,"FRIDAY",7,0,0,0,0,0,0,"XNA",0.722044450141645,0.555183161513181,0.652896551980654,NA,NA,NA,NA,NA,NA,NA,NA,NA,NA,NA,NA,NA,NA,NA,NA,NA,NA,NA,NA,NA,NA,NA,NA,NA,NA,NA,NA,NA,NA,NA,NA,NA,NA,NA,NA,NA,NA,NA,NA,NA,NA,"","",NA,"","",0,0,0,0,-2396,0,0,0,0,1,0,0,0,0,0,0,0,0,0,0,0,0,0,0,0,0,0,0,0,0,2
100016,0,"Cash loans","F","N","Y",0,67500,80865,5881.5,67500,"Unaccompanied","Working","Secondary / secondary special","Married","House / apartment",0.031329,-13439,-2717,-311,-3227,NA,1,1,1,1,1,0,"Laborers",2,2,2,"FRIDAY",10,0,0,0,0,0,0,"Business Entity Type 2",0.464831116963283,0.715041818866066,0.176652579431214,0.0825,NA,0.9811,NA,NA,0,0.2069,0.1667,NA,0.0135,NA,0.0778,NA,0,0.084,NA,0.9811,NA,NA,0,0.2069,0.1667,NA,0.0138,NA,0.081,NA,0,0.0833,NA,0.9811,NA,NA,0,0.2069,0.1667,NA,0.0137,NA,0.0792,NA,0,"reg oper account","block of flats",0.0612,"","No",0,0,0,0,-2370,0,1,0,0,0,0,0,0,0,0,0,0,0,0,0,0,0,0,0,0,0,0,0,1,0,0
100017,0,"Cash loans","M","Y","N",1,225000,918468,28966.5,697500,"Unaccompanied","Working","Secondary / secondary special","Married","House / apartment",0.016612,-14086,-3028,-643,-4911,23,1,1,0,1,0,0,"Drivers",3,2,2,"THURSDAY",13,0,0,0,0,0,0,"Self-employed",NA,0.566906613246043,0.770087070012413,0.1474,0.0973,0.9806,0.7348,0.0582,0.16,0.1379,0.3333,0.375,0.0931,0.1202,0.1397,0,0,0.1502,0.101,0.9806,0.7452,0.0587,0.1611,0.1379,0.3333,0.375,0.0952,0.1313,0.1456,0,0,0.1489,0.0973,0.9806,0.7383,0.0585,0.16,0.1379,0.3333,0.375,0.0947,0.1223,0.1422,0,0,"reg oper account","block of flats",0.1417,"Panel","No",0,0,0,0,-4,0,1,0,0,0,0,0,0,0,0,0,0,0,0,0,0,0,0,0,0,0,0,0,0,0,1
100018,0,"Cash loans","F","N","Y",0,189000,773680.5,32778,679500,"Unaccompanied","Working","Secondary / secondary special","Married","House / apartment",0.010006,-14583,-203,-615,-2056,NA,1,1,0,1,0,0,"Laborers",2,2,1,"MONDAY",9,0,0,0,0,0,0,"Transport: type 2",0.721939768662234,0.64265620483111,NA,0.3495,0.1335,0.9985,0.9796,0.1143,0.4,0.1724,0.6667,0.7083,0.1758,0.2849,0.3774,0.0193,0.1001,0.3561,0.1386,0.9985,0.9804,0.1153,0.4028,0.1724,0.6667,0.7083,0.1798,0.3113,0.3932,0.0195,0.106,0.3529,0.1335,0.9985,0.9799,0.115,0.4,0.1724,0.6667,0.7083,0.1789,0.2899,0.3842,0.0194,0.1022,"reg oper account","block of flats",0.3811,"Panel","No",0,0,0,0,-188,0,1,0,0,0,0,0,0,0,0,0,0,0,0,0,0,0,0,0,0,NA,NA,NA,NA,NA,NA
100019,0,"Cash loans","M","Y","Y",0,157500,299772,20160,247500,"Family","Working","Secondary / secondary special","Single / not married","Rented apartment",0.020713,-8728,-1157,-3494,-1368,17,1,1,0,1,0,0,"Laborers",1,3,3,"SATURDAY",6,0,0,0,1,1,0,"Business Entity Type 2",0.1156343372623,0.34663398139668,0.678567688685364,NA,NA,NA,NA,NA,NA,NA,NA,NA,NA,NA,NA,NA,NA,NA,NA,NA,NA,NA,NA,NA,NA,NA,NA,NA,NA,NA,NA,NA,NA,NA,NA,NA,NA,NA,NA,NA,NA,NA,NA,NA,NA,"","",NA,"","",0,0,0,0,-925,0,0,0,0,0,0,1,0,0,0,0,0,0,0,0,0,0,0,0,0,0,0,0,0,0,1
100020,0,"Cash loans","M","N","N",0,108000,509602.5,26149.5,387000,"Unaccompanied","Working","Secondary / secondary special","Married","House / apartment",0.018634,-12931,-1317,-6392,-3866,NA,1,1,0,1,0,0,"Drivers",2,2,2,"THURSDAY",12,0,0,0,1,1,0,"Government",NA,0.236377839888423,0.0621030378372968,NA,NA,NA,NA,NA,NA,NA,NA,NA,NA,NA,NA,NA,NA,NA,NA,NA,NA,NA,NA,NA,NA,NA,NA,NA,NA,NA,NA,NA,NA,NA,NA,NA,NA,NA,NA,NA,NA,NA,NA,NA,NA,"","",NA,"","",0,0,0,0,-3,0,1,0,0,0,0,0,0,0,0,0,0,0,0,0,0,0,0,0,0,0,0,0,0,1,0
100021,0,"Revolving loans","F","N","Y",1,81000,270000,13500,270000,"Unaccompanied","Working","Secondary / secondary special","Married","House / apartment",0.010966,-9776,-191,-4143,-2427,NA,1,1,0,1,0,0,"Laborers",3,2,2,"MONDAY",10,0,0,0,1,1,0,"Construction",NA,0.683513346191425,NA,NA,NA,NA,NA,NA,NA,NA,NA,NA,NA,NA,NA,NA,NA,NA,NA,NA,NA,NA,NA,NA,NA,NA,NA,NA,NA,NA,NA,NA,NA,NA,NA,NA,NA,NA,NA,NA,NA,NA,NA,NA,NA,"","",NA,"","",4,0,4,0,-2811,0,0,0,0,0,0,0,0,0,0,0,0,0,0,0,0,0,0,0,0,NA,NA,NA,NA,NA,NA
100022,0,"Revolving loans","F","N","Y",0,112500,157500,7875,157500,"Other_A","Working","Secondary / secondary special","Widow","House / apartment",0.04622,-17718,-7804,-8751,-1259,NA,1,1,0,1,1,0,"Laborers",1,1,1,"FRIDAY",13,0,0,0,0,0,0,"Housing",NA,0.706428402887165,0.556727426363017,0.0278,0.0617,0.9881,0.8368,0.0018,0,0.1034,0.0833,0.125,0.0279,0.0227,0.029,0,0,0.0284,0.064,0.9881,0.8432,0.0018,0,0.1034,0.0833,0.125,0.0286,0.0248,0.0302,0,0,0.0281,0.0617,0.9881,0.839,0.0018,0,0.1034,0.0833,0.125,0.0284,0.0231,0.0295,0,0,"reg oper account","block of flats",0.0238,"Stone, brick","No",8,0,8,0,-239,0,1,0,0,0,0,0,0,0,0,0,0,0,0,0,0,0,0,0,0,0,0,0,0,0,0
100023,0,"Cash loans","F","N","Y",1,90000,544491,17563.5,454500,"Unaccompanied","State servant","Higher education","Single / not married","House / apartment",0.015221,-11348,-2038,-1021,-3964,NA,1,1,1,1,1,0,"Core staff",2,2,2,"MONDAY",12,0,0,0,0,0,0,"Kindergarten",NA,0.586617140011966,0.477649154851755,NA,NA,NA,NA,NA,NA,NA,NA,NA,NA,NA,NA,NA,NA,NA,NA,NA,NA,NA,NA,NA,NA,NA,NA,NA,NA,NA,NA,NA,NA,NA,NA,NA,NA,NA,NA,NA,NA,NA,NA,NA,NA,"","",NA,"","",0,0,0,0,-1850,0,1,0,0,0,0,0,0,0,0,0,0,0,0,0,0,0,0,0,0,0,0,0,0,0,2
100024,0,"Revolving loans","M","Y","Y",0,135000,427500,21375,427500,"Unaccompanied","Working","Secondary / secondary special","Married","House / apartment",0.015221,-18252,-4286,-298,-1800,7,1,1,0,1,0,0,"Laborers",2,2,2,"FRIDAY",13,0,0,0,0,0,0,"Self-employed",0.565654882466707,0.113374512719927,NA,0.0722,0.0801,0.9781,0.7008,NA,0,0.1379,0.1667,0.0417,0.0534,0.0588,0.0619,0,0,0.0735,0.0831,0.9782,0.7125,NA,0,0.1379,0.1667,0.0417,0.0546,0.0643,0.0645,0,0,0.0729,0.0801,0.9781,0.7048,NA,0,0.1379,0.1667,0.0417,0.0543,0.0599,0.063,0,0,"reg oper account","block of flats",0.053,"Stone, brick","No",0,0,0,0,-296,0,0,0,0,0,0,0,0,0,0,0,0,0,0,0,0,0,0,0,0,NA,NA,NA,NA,NA,NA
100025,0,"Cash loans","F","Y","Y",1,202500,1132573.5,37561.5,927000,"Unaccompanied","Commercial associate","Secondary / secondary special","Married","House / apartment",0.025164,-14815,-1652,-2299,-2299,14,1,1,0,1,0,0,"Sales staff",3,2,2,"MONDAY",9,0,0,0,0,0,0,"Trade: type 7",0.437709019847542,0.233766957508146,0.542445143861361,NA,NA,NA,NA,NA,NA,NA,NA,NA,NA,NA,NA,NA,NA,NA,NA,NA,NA,NA,NA,NA,NA,NA,NA,NA,NA,NA,NA,NA,NA,NA,NA,NA,NA,NA,NA,NA,NA,NA,NA,NA,NA,"","",NA,"","",0,0,0,0,0,0,1,0,0,0,0,0,0,0,0,0,0,0,0,0,0,0,0,0,0,0,0,0,0,1,4
100026,0,"Cash loans","F","N","N",1,450000,497520,32521.5,450000,"Unaccompanied","Working","Secondary / secondary special","Married","Rented apartment",0.020713,-11146,-4306,-114,-2518,NA,1,1,0,1,0,0,"Sales staff",3,3,2,"THURSDAY",6,0,0,0,0,0,0,"Self-employed",NA,0.457142971588935,0.358951228578397,0.0907,0.0795,0.9786,0.7076,0.012,0,0.2069,0.1667,0.2083,0.0898,0.0723,0.0873,0.0077,0.0044,0.0924,0.0825,0.9786,0.719,0.0121,0,0.2069,0.1667,0.2083,0.0918,0.079,0.091,0.0078,0.0047,0.0916,0.0795,0.9786,0.7115,0.012,0,0.2069,0.1667,0.2083,0.0913,0.0735,0.0889,0.0078,0.0045,"reg oper account","block of flats",0.0696,"Panel","No",0,0,0,0,-468,0,1,0,0,0,0,0,0,0,0,0,0,0,0,0,0,0,0,0,0,0,0,0,0,0,5
100027,0,"Cash loans","F","N","Y",0,83250,239850,23850,225000,"Unaccompanied","Pensioner","Secondary / secondary special","Married","House / apartment",0.006296,-24827,365243,-9012,-3684,NA,1,0,0,1,1,0,"",2,3,3,"FRIDAY",12,0,0,0,0,0,0,"XNA",NA,0.624304737359276,0.669056694782404,0.1443,0.0848,0.9876,0.83,0.1064,0.14,0.1207,0.375,0.4167,0.2371,0.1173,0.1484,0.0019,7e-04,0.1261,0.0754,0.9876,0.8367,0,0.1208,0.1034,0.375,0.4167,0.2425,0.1102,0.0923,0,0,0.1457,0.0848,0.9876,0.8323,0.1071,0.14,0.1207,0.375,0.4167,0.2412,0.1193,0.151,0.0019,7e-04,"org spec account","block of flats",0.164,"Mixed","No",0,0,0,0,-795,0,0,0,0,1,0,0,0,0,0,0,0,0,0,0,0,0,0,0,0,0,0,0,0,0,3
100029,0,"Cash loans","M","Y","N",2,135000,247500,12703.5,247500,"Unaccompanied","Working","Secondary / secondary special","Married","House / apartment",0.026392,-11286,-746,-108,-3729,7,1,1,0,1,0,0,"Drivers",4,2,2,"THURSDAY",14,0,0,0,0,1,1,"Business Entity Type 3",NA,0.786179309053212,0.565607981411549,0.1433,0.1455,0.9861,0.8096,0.0212,0,0.3103,0.1667,0.2083,0.0861,0.1168,0.1217,0,0.0043,0.146,0.1509,0.9861,0.8171,0.0214,0,0.3103,0.1667,0.2083,0.0881,0.1276,0.1268,0,0.0045,0.1447,0.1455,0.9861,0.8121,0.0214,0,0.3103,0.1667,0.2083,0.0876,0.1189,0.1239,0,0.0044,"reg oper account","block of flats",0.0967,"Panel","No",1,1,1,0,-4,0,1,0,0,0,0,0,0,0,0,0,0,0,0,0,0,0,0,0,0,0,0,0,0,0,0
100030,0,"Cash loans","F","N","Y",0,90000,225000,11074.5,225000,"Unaccompanied","Working","Secondary / secondary special","Married","House / apartment",0.028663,-19334,-3494,-2419,-2893,NA,1,1,0,1,1,0,"Cleaning staff",2,2,2,"SATURDAY",8,0,0,0,0,0,0,"Business Entity Type 3",0.561948409304114,0.651405636529763,0.461482391299838,0.0722,0.0147,0.9781,0.7008,0.001,0,0.1379,0.1667,0.0417,0.0498,0.0588,0.067,0,0,0.0735,0.0153,0.9782,0.7125,0.001,0,0.1379,0.1667,0.0417,0.0509,0.0643,0.0698,0,0,0.0729,0.0147,0.9781,0.7048,0.001,0,0.1379,0.1667,0.0417,0.0506,0.0599,0.0682,0,0,"reg oper account","block of flats",0.0533,"Stone, brick","No",0,0,0,0,0,0,1,0,0,0,0,0,0,0,0,0,0,0,0,0,0,0,0,0,0,0,0,0,0,0,0
100031,1,"Cash loans","F","N","Y",0,112500,979992,27076.5,702000,"Unaccompanied","Working","Secondary / secondary special","Widow","House / apartment",0.018029,-18724,-2628,-6573,-1827,NA,1,1,0,1,0,0,"Cooking staff",1,3,2,"MONDAY",9,0,0,0,0,0,0,"Business Entity Type 3",NA,0.548477159967879,0.190705947811054,0.0165,0.0089,0.9732,NA,NA,0,0.069,0.0417,NA,0.0265,NA,0.0094,NA,0,0.0168,0.0092,0.9732,NA,NA,0,0.069,0.0417,NA,0.0271,NA,0.0083,NA,0,0.0167,0.0089,0.9732,NA,NA,0,0.069,0.0417,NA,0.027,NA,0.0096,NA,0,"","block of flats",0.0085,"Wooden","Yes",10,1,10,0,-161,0,1,0,0,0,0,0,0,0,0,0,0,0,0,1,0,0,0,0,0,0,0,0,0,2,2
100032,0,"Cash loans","M","N","Y",1,112500,327024,23827.5,270000,"Family","Working","Secondary / secondary special","Married","House / apartment",0.019101,-15948,-1234,-5782,-3153,NA,1,1,0,1,0,0,"Laborers",3,2,2,"SATURDAY",10,0,0,0,0,1,1,"Industry: type 11",NA,0.541123702269541,0.659405532068334,NA,NA,NA,NA,NA,NA,NA,NA,NA,NA,NA,NA,NA,NA,NA,NA,NA,NA,NA,NA,NA,NA,NA,NA,NA,NA,NA,NA,NA,NA,NA,NA,NA,NA,NA,NA,NA,NA,NA,NA,NA,NA,"","",NA,"","",2,0,2,0,-2,0,1,0,0,0,0,0,0,0,0,0,0,0,0,0,0,0,0,0,0,0,0,0,0,0,0
100033,0,"Cash loans","M","Y","Y",0,270000,790830,57676.5,675000,"Unaccompanied","State servant","Higher education","Single / not married","House / apartment",0.04622,-9994,-1796,-4668,-2661,1,1,1,0,1,0,1,"",1,1,1,"WEDNESDAY",11,0,1,1,0,0,0,"Military",0.600395905000947,0.685010990129689,0.524496446363472,NA,NA,NA,NA,NA,NA,NA,NA,NA,NA,NA,NA,NA,NA,NA,NA,NA,NA,NA,NA,NA,NA,NA,NA,NA,NA,NA,NA,NA,NA,NA,NA,NA,NA,NA,NA,NA,NA,NA,NA,NA,NA,"","",NA,"","",0,0,0,0,-849,0,0,0,0,0,0,1,0,0,0,0,0,0,0,0,0,0,0,0,0,0,0,0,1,0,1
100034,0,"Revolving loans","M","N","Y",0,90000,180000,9000,180000,"Unaccompanied","Working","Higher education","Single / not married","With parents",0.030755,-10341,-1010,-4799,-3015,NA,1,1,0,1,0,0,"Laborers",1,2,2,"TUESDAY",16,0,0,0,0,0,0,"Business Entity Type 3",0.297913509015051,0.50277903787863,NA,0.1505,0.0838,0.9831,0.7688,0.0188,0.16,0.1379,0.3333,0.375,0.0872,0.121,0.1412,0.0077,0.0061,0.1534,0.087,0.9831,0.7779,0.019,0.1611,0.1379,0.3333,0.375,0.0892,0.1322,0.1471,0.0078,0.0065,0.152,0.0838,0.9831,0.7719,0.0189,0.16,0.1379,0.3333,0.375,0.0887,0.1231,0.1437,0.0078,0.0063,"reg oper account","block of flats",0.1227,"Panel","No",0,0,0,0,-599,0,0,0,0,0,0,0,0,0,0,0,0,0,0,0,0,0,0,0,0,NA,NA,NA,NA,NA,NA
100035,0,"Cash loans","F","N","Y",0,292500,665892,24592.5,477000,"Unaccompanied","Commercial associate","Secondary / secondary special","Civil marriage","House / apartment",0.025164,-15280,-2668,-5266,-3787,NA,1,1,0,1,0,1,"",2,2,2,"WEDNESDAY",13,0,0,0,0,0,0,"Business Entity Type 3",NA,0.479987342189869,0.410102573178867,0.0124,NA,0.9697,NA,NA,0,0.069,0.0417,NA,NA,NA,0.0149,NA,0,0.0126,NA,0.9697,NA,NA,0,0.069,0.0417,NA,NA,NA,0.0155,NA,0,0.0125,NA,0.9697,NA,NA,0,0.069,0.0417,NA,NA,NA,0.0152,NA,0,"","block of flats",0.0117,"Others","No",0,0,0,0,-1634,0,1,0,0,0,0,0,0,0,0,0,0,0,0,0,0,0,0,0,0,0,0,0,1,0,5
100036,0,"Cash loans","F","N","Y",0,112500,512064,25033.5,360000,"Family","Working","Secondary / secondary special","Civil marriage","House / apartment",0.008575,-11144,-1104,-7846,-2904,NA,1,1,0,1,0,0,"Private service staff",2,2,2,"TUESDAY",12,0,0,0,0,0,0,"Services",0.274422372491119,0.627300400795361,NA,0.367,0.3751,0.9901,NA,NA,0.28,0.4828,0.375,NA,0.1569,NA,0.2574,NA,NA,0.3739,0.3893,0.9901,NA,NA,0.282,0.4828,0.375,NA,0.1604,NA,0.2682,NA,NA,0.3706,0.3751,0.9901,NA,NA,0.28,0.4828,0.375,NA,0.1596,NA,0.262,NA,NA,"","block of flats",0.3388,"Block","No",2,0,2,0,-397,0,1,0,0,0,0,0,0,0,0,0,0,0,0,0,0,0,0,0,0,0,0,0,0,2,5
100037,0,"Cash loans","F","N","N",0,90000,199008,20893.5,180000,"Unaccompanied","Working","Secondary / secondary special","Civil marriage","House / apartment",0.010032,-12974,-4404,-7123,-4464,NA,1,1,1,1,0,0,"Laborers",2,2,2,"SATURDAY",11,0,0,0,0,0,0,"Business Entity Type 2",NA,0.559466791635341,0.798137231318724,0.0928,NA,0.9801,NA,NA,0,0.2069,0.1667,NA,NA,NA,0.0602,NA,0.0436,0.0945,NA,0.9801,NA,NA,0,0.2069,0.1667,NA,NA,NA,0.0627,NA,0.0461,0.0937,NA,0.9801,NA,NA,0,0.2069,0.1667,NA,NA,NA,0.0613,NA,0.0445,"","block of flats",0.0684,"Panel","No",0,0,0,0,-2766,0,1,0,0,0,0,0,0,0,0,0,0,0,0,0,0,0,0,0,0,0,0,0,0,0,2
100039,0,"Cash loans","M","Y","N",1,360000,733315.5,39069,679500,"Unaccompanied","Commercial associate","Secondary / secondary special","Married","House / apartment",0.015221,-11694,-2060,-3557,-3557,3,1,1,0,1,0,0,"Drivers",3,2,2,"THURSDAY",10,0,0,0,1,1,0,"Self-employed",NA,0.321744895661772,0.41184855592424,NA,NA,NA,NA,NA,NA,NA,NA,NA,NA,NA,NA,NA,NA,NA,NA,NA,NA,NA,NA,NA,NA,NA,NA,NA,NA,NA,NA,NA,NA,NA,NA,NA,NA,NA,NA,NA,NA,NA,NA,NA,NA,"","",NA,"","",2,0,2,0,-697,0,0,0,0,0,0,1,0,0,0,0,0,0,0,0,0,0,0,0,0,0,0,0,0,1,1
100040,0,"Cash loans","F","N","Y",0,135000,1125000,32895,1125000,"Unaccompanied","State servant","Higher education","Married","House / apartment",0.019689,-15997,-4585,-5735,-4067,NA,1,1,0,1,0,0,"Core staff",2,2,2,"FRIDAY",14,0,0,0,0,0,0,"Security Ministries",NA,0.172497508147777,NA,0.0825,0.0804,0.9762,0.6736,0.0056,0,0.1379,0.1667,0.2083,0.038,0.0672,0.0637,0,0,0.084,0.0835,0.9762,0.6864,0.0057,0,0.1379,0.1667,0.2083,0.0389,0.0735,0.0664,0,0,0.0833,0.0804,0.9762,0.678,0.0057,0,0.1379,0.1667,0.2083,0.0387,0.0684,0.0648,0,0,"reg oper account","block of flats",0.0532,"Stone, brick","No",0,0,0,0,-3019,0,1,0,0,0,0,0,0,0,0,0,0,0,0,0,0,0,0,0,0,NA,NA,NA,NA,NA,NA
100041,0,"Cash loans","F","N","N",0,112500,450000,44509.5,450000,"Unaccompanied","Working","Higher education","Married","House / apartment",0.008575,-12158,-1275,-6265,-2009,NA,1,1,1,1,1,0,"Sales staff",2,2,2,"MONDAY",19,0,0,0,0,0,0,"Self-employed",NA,0.66315807562963,0.678567688685364,0.0948,0.0792,0.9861,0.8096,NA,0,0.1724,0.1667,NA,0.0888,NA,0.0582,NA,NA,0.0966,0.0822,0.9861,0.8171,NA,0,0.1724,0.1667,NA,0.0908,NA,0.0606,NA,NA,0.0958,0.0792,0.9861,0.8121,NA,0,0.1724,0.1667,NA,0.0903,NA,0.0592,NA,NA,"reg oper account","block of flats",0.0749,"Stone, brick","No",0,0,0,0,-1285,0,1,0,0,0,0,0,0,0,0,0,0,0,0,0,0,0,0,0,0,0,0,0,0,0,0
100043,0,"Cash loans","F","N","Y",2,198000,641173.5,23157,553500,"Unaccompanied","Commercial associate","Secondary / secondary special","Married","House / apartment",0.01885,-17199,-768,-63,-735,NA,1,1,1,1,1,0,"Private service staff",4,2,2,"THURSDAY",13,0,0,0,0,0,0,"Other",0.842763465954357,0.681698802557429,0.75440617317979,NA,NA,NA,NA,NA,NA,NA,NA,NA,NA,NA,NA,NA,NA,NA,NA,NA,NA,NA,NA,NA,NA,NA,NA,NA,NA,NA,NA,NA,NA,NA,NA,NA,NA,NA,NA,NA,NA,NA,NA,NA,NA,"","",NA,"","",0,0,0,0,-2411,0,1,0,0,0,0,0,0,0,0,0,0,0,0,0,0,0,0,0,0,0,0,0,0,1,1
100044,0,"Cash loans","M","N","Y",0,121500,454500,15151.5,454500,"Unaccompanied","Working","Secondary / secondary special","Married","House / apartment",0.030755,-21077,-1288,-5474,-4270,NA,1,1,0,1,1,0,"Drivers",2,2,2,"FRIDAY",10,0,0,0,0,1,1,"Transport: type 4",0.804586121312141,0.719798537037206,0.722392890081304,NA,NA,NA,NA,NA,NA,NA,NA,NA,NA,NA,NA,NA,NA,NA,NA,NA,NA,NA,NA,NA,NA,NA,NA,NA,NA,NA,NA,NA,NA,NA,NA,NA,NA,NA,NA,NA,NA,NA,NA,NA,NA,"","",NA,"","",0,0,0,0,-1541,0,1,0,0,0,0,0,0,0,0,0,0,0,0,0,0,0,0,0,0,0,0,0,1,0,0
100045,0,"Cash loans","F","N","Y",0,99000,247275,17338.5,225000,"Unaccompanied","Pensioner","Secondary / secondary special","Married","House / apartment",0.006207,-23920,365243,-9817,-4969,NA,1,0,0,1,1,0,"",2,2,2,"FRIDAY",11,0,0,0,0,0,0,"XNA",NA,0.650764799506874,0.751723714774149,NA,NA,0.9851,NA,NA,0.04,0.0345,0.3333,NA,0.0566,NA,0.0922,NA,NA,NA,NA,0.9851,NA,NA,0.0403,0.0345,0.3333,NA,0.0579,NA,0.096,NA,NA,NA,NA,0.9851,NA,NA,0.04,0.0345,0.3333,NA,0.0576,NA,0.0938,NA,NA,"","block of flats",0.0786,"Stone, brick","No",0,0,0,0,0,0,1,0,0,0,0,0,0,0,0,0,0,0,0,0,0,0,0,0,0,0,0,0,0,0,2
100046,0,"Revolving loans","M","Y","Y",0,180000,540000,27000,540000,"Unaccompanied","Working","Higher education","Married","House / apartment",0.025164,-16126,-1761,-8236,-4292,3,1,1,0,1,0,0,"Managers",2,2,2,"TUESDAY",8,0,0,0,0,0,0,"Business Entity Type 3",NA,0.738053283569736,0.605836264726423,0.0814,0.0994,0.9831,0.7688,0.0142,0,0.2069,0.1667,0.2083,0.1404,0.0656,0.0771,0.0039,0.0227,0.083,0.1032,0.9831,0.7779,0.0143,0,0.2069,0.1667,0.2083,0.1436,0.0716,0.0804,0.0039,0.0241,0.0822,0.0994,0.9831,0.7719,0.0143,0,0.2069,0.1667,0.2083,0.1429,0.0667,0.0785,0.0039,0.0232,"org spec account","block of flats",0.0734,"Stone, brick","No",1,0,1,0,-540,0,0,0,0,0,0,0,0,0,0,0,0,0,0,0,0,0,0,0,0,0,0,0,1,0,1
100047,1,"Cash loans","M","N","Y",0,202500,1193580,35028,855000,"Unaccompanied","Commercial associate","Secondary / secondary special","Married","House / apartment",0.025164,-17482,-1262,-1182,-1029,NA,1,1,0,1,0,0,"Laborers",2,2,2,"TUESDAY",9,0,0,0,0,0,0,"Business Entity Type 3",NA,0.306840586048305,0.320163366863346,0.1309,0.125,0.996,0.9456,0.0822,0.16,0.1379,0.25,0.2917,0.0142,0.1059,0.1267,0.0039,0.0078,0.1334,0.1297,0.996,0.9477,0.083,0.1611,0.1379,0.25,0.2917,0.0145,0.1157,0.132,0.0039,0.0082,0.1322,0.125,0.996,0.9463,0.0827,0.16,0.1379,0.25,0.2917,0.0144,0.1077,0.129,0.0039,0.0079,"org spec account","block of flats",0.1463,"Stone, brick","No",0,0,0,0,-1075,0,1,0,0,0,0,0,0,0,0,0,0,0,0,0,0,0,0,0,0,0,0,0,2,0,4
100048,0,"Cash loans","F","N","Y",0,202500,604152,29196,540000,"Unaccompanied","Working","Secondary / secondary special","Married","House / apartment",0.009175,-16971,-475,-3148,-513,NA,1,1,0,1,1,0,"Laborers",2,2,2,"MONDAY",12,0,1,1,0,1,1,"Industry: type 1",NA,0.0373152355612163,NA,NA,NA,NA,NA,NA,NA,NA,NA,NA,NA,NA,NA,NA,NA,NA,NA,NA,NA,NA,NA,NA,NA,NA,NA,NA,NA,NA,NA,NA,NA,NA,NA,NA,NA,NA,NA,NA,NA,NA,NA,NA,NA,"","",NA,"","",4,0,4,0,-458,0,1,0,0,0,0,0,0,0,0,0,0,0,0,0,0,0,0,0,0,0,0,0,0,0,5
100049,1,"Cash loans","F","N","N",0,135000,288873,16258.5,238500,"Unaccompanied","Working","Secondary / secondary special","Civil marriage","House / apartment",0.007305,-13384,-3597,-45,-4409,NA,1,1,1,1,1,0,"Sales staff",2,3,3,"THURSDAY",11,0,0,0,0,0,0,"Self-employed",0.468208056797476,0.674203210147387,0.399675615623317,NA,NA,NA,NA,NA,NA,NA,NA,NA,NA,NA,NA,NA,NA,NA,NA,NA,NA,NA,NA,NA,NA,NA,NA,NA,NA,NA,NA,NA,NA,NA,NA,NA,NA,NA,NA,NA,NA,NA,NA,NA,NA,"","",NA,"","",1,0,1,0,-1480,0,1,0,0,0,0,0,0,0,0,0,0,0,0,0,0,0,0,0,0,0,0,0,0,0,2
100050,0,"Cash loans","F","N","Y",0,108000,746280,42970.5,675000,"Unaccompanied","Pensioner","Higher education","Single / not married","House / apartment",0.010966,-23548,365243,-5745,-4576,NA,1,0,0,1,0,0,"",1,2,2,"WEDNESDAY",9,0,0,0,0,0,0,"XNA",NA,0.766137805027585,0.684827658689037,0.2186,0.1232,0.9851,0.796,0.0528,0.24,0.2069,0.3333,0.375,0.1154,0.1774,0.2113,0.0039,0.0051,0.2227,0.1279,0.9851,0.804,0.0533,0.2417,0.2069,0.3333,0.375,0.1181,0.1938,0.2202,0.0039,0.0054,0.2207,0.1232,0.9851,0.7987,0.0531,0.24,0.2069,0.3333,0.375,0.1175,0.1804,0.2151,0.0039,0.0052,"reg oper spec account","block of flats",0.1903,"Panel","No",0,0,0,0,-491,0,1,0,0,0,0,0,0,0,0,0,0,0,0,0,0,0,0,0,0,0,0,0,0,0,3
100051,0,"Cash loans","M","N","Y",0,202500,661702.5,48280.5,598500,"Unaccompanied","Working","Secondary / secondary special","Civil marriage","House / apartment",0.007114,-9827,-758,-4166,-2380,NA,1,1,1,1,0,0,"",2,2,2,"WEDNESDAY",12,0,0,0,0,1,1,"Business Entity Type 3",NA,0.631518631174282,NA,NA,NA,NA,NA,NA,NA,NA,NA,NA,NA,NA,NA,NA,NA,NA,NA,NA,NA,NA,NA,NA,NA,NA,NA,NA,NA,NA,NA,NA,NA,NA,NA,NA,NA,NA,NA,NA,NA,NA,NA,NA,NA,"","",NA,"","",1,0,1,0,-556,0,1,0,0,0,0,0,0,0,0,0,0,0,0,0,0,0,0,0,0,NA,NA,NA,NA,NA,NA
100052,0,"Revolving loans","F","N","Y",1,90000,180000,9000,180000,"Family","Working","Secondary / secondary special","Civil marriage","House / apartment",0.009334,-7974,-895,-6591,-642,NA,1,1,1,1,0,0,"Sales staff",3,2,2,"MONDAY",10,0,0,0,0,0,0,"Self-employed",NA,0.535542260363498,NA,NA,NA,NA,NA,NA,NA,NA,NA,NA,NA,NA,NA,NA,NA,NA,NA,NA,NA,NA,NA,NA,NA,NA,NA,NA,NA,NA,NA,NA,NA,NA,NA,NA,NA,NA,NA,NA,NA,NA,NA,NA,NA,"","",NA,"","",1,1,1,1,-462,0,0,0,0,0,0,0,0,0,0,0,0,0,0,0,0,0,0,0,0,NA,NA,NA,NA,NA,NA
100053,0,"Cash loans","F","N","Y",0,202500,305221.5,17649,252000,"Family","Pensioner","Secondary / secondary special","Single / not married","House / apartment",0.019689,-20373,365243,-7760,-1993,NA,1,0,0,1,0,0,"",1,2,2,"MONDAY",8,0,0,0,0,0,0,"XNA",NA,0.247664717335616,0.475849908720221,NA,NA,NA,NA,NA,NA,NA,NA,NA,NA,NA,NA,NA,NA,NA,NA,NA,NA,NA,NA,NA,NA,NA,NA,NA,NA,NA,NA,NA,NA,NA,NA,NA,NA,NA,NA,NA,NA,NA,NA,NA,NA,"","",NA,"","",0,0,0,0,-649,0,1,0,0,0,0,0,0,0,0,0,0,0,0,0,0,0,0,0,0,0,0,0,0,2,4
100054,0,"Cash loans","F","N","Y",0,99000,260640,26838,225000,"Unaccompanied","Working","Secondary / secondary special","Married","House / apartment",0.022625,-20121,-5332,-9197,-3283,NA,1,1,1,1,1,0,"Medicine staff",2,2,2,"WEDNESDAY",16,0,0,0,0,1,1,"Business Entity Type 3",NA,0.0892406534424172,0.728141299311144,NA,NA,NA,NA,NA,NA,NA,NA,NA,NA,NA,NA,NA,NA,NA,NA,NA,NA,NA,NA,NA,NA,NA,NA,NA,NA,NA,NA,NA,NA,NA,NA,NA,NA,NA,NA,NA,NA,NA,NA,NA,NA,"","",NA,"","",4,0,4,0,-1247,0,1,0,0,0,0,0,0,0,0,0,0,0,0,0,0,0,0,0,0,0,0,0,0,0,2
100055,0,"Cash loans","F","N","N",0,130500,1350000,37255.5,1350000,"Unaccompanied","State servant","Secondary / secondary special","Married","House / apartment",0.020713,-19727,-4411,-6225,-3199,NA,1,1,1,1,1,0,"Managers",2,3,3,"THURSDAY",10,0,0,0,0,0,0,"Government",0.710427328916854,0.589186629696121,0.466864005953703,NA,NA,NA,NA,NA,NA,NA,NA,NA,NA,NA,NA,NA,NA,NA,NA,NA,NA,NA,NA,NA,NA,NA,NA,NA,NA,NA,NA,NA,NA,NA,NA,NA,NA,NA,NA,NA,NA,NA,NA,NA,NA,"","",NA,"","",0,0,0,0,-784,0,1,0,0,0,0,0,0,0,0,0,0,0,0,0,0,0,0,0,0,0,0,0,0,0,0
100056,0,"Cash loans","M","Y","Y",0,360000,1506816,49927.5,1350000,"Unaccompanied","Working","Secondary / secondary special","Married","House / apartment",0.010006,-18264,-9523,-5504,-1797,3,1,1,0,1,0,0,"Laborers",2,2,2,"THURSDAY",10,0,0,0,0,1,1,"Transport: type 2",NA,0.523934047495354,NA,NA,NA,NA,NA,NA,NA,NA,NA,NA,NA,NA,NA,NA,NA,NA,NA,NA,NA,NA,NA,NA,NA,NA,NA,NA,NA,NA,NA,NA,NA,NA,NA,NA,NA,NA,NA,NA,NA,NA,NA,NA,NA,"","",NA,"","",1,1,1,1,-1498,0,1,0,0,0,0,0,0,0,0,0,0,0,0,0,0,0,0,0,0,NA,NA,NA,NA,NA,NA
100058,0,"Revolving loans","F","N","Y",0,54000,135000,6750,135000,"Unaccompanied","State servant","Higher education","Married","House / apartment",0.01452,-12406,-1176,-1149,-2576,NA,1,1,0,0,0,0,"Core staff",2,2,2,"THURSDAY",9,0,0,0,0,0,0,"School",0.656224804460188,0.450849722556082,0.479448981178056,0.0664,0.0442,0.998,NA,NA,0.08,0.0552,0.4083,0.45,0.0085,NA,0.0651,NA,0.016,0.0441,0.0306,0.998,NA,NA,0.0806,0.069,0.375,0.4167,0.0078,NA,0.0487,NA,0.0168,0.0822,0.0408,0.998,NA,NA,0.08,0.069,0.375,0.4167,0.0087,NA,0.0747,NA,0.0163,"","block of flats",0.0403,"Panel","No",0,0,0,0,0,0,1,0,0,0,0,0,0,0,0,0,0,0,0,0,0,1,0,0,0,0,0,0,0,0,0
100059,0,"Cash loans","M","Y","Y",1,540000,675000,34596,675000,"Unaccompanied","Commercial associate","Higher education","Married","House / apartment",0.026392,-18632,-6977,-3904,-1937,7,1,1,0,1,1,0,"Managers",3,2,2,"TUESDAY",10,0,0,0,0,0,0,"Services",0.311509924988046,0.713354584853105,0.309275355884205,0.5309,0.2491,0.9811,0.7416,NA,0.88,0.3793,0.4583,0,0.3977,NA,0.5878,NA,0.0487,0.541,0.2585,0.9811,0.7517,NA,0.8862,0.3793,0.4583,0,0.4067,NA,0.6124,NA,0.0516,0.5361,0.2491,0.9811,0.7451,NA,0.88,0.3793,0.4583,0,0.4046,NA,0.5983,NA,0.0498,"","block of flats",0.5149,"Panel","No",2,0,2,0,-1285,0,1,0,0,0,0,0,0,0,0,0,0,0,0,0,0,0,0,0,0,0,0,1,0,0,3
100060,0,"Cash loans","M","Y","N",0,76500,454500,14661,454500,"Unaccompanied","Working","Secondary / secondary special","Married","House / apartment",0.028663,-12282,-778,-1824,-1992,13,1,1,1,1,0,0,"",2,2,2,"TUESDAY",10,0,0,0,0,0,0,"Emergency",0.244561632535462,0.705947456699447,0.799296783210937,0.0227,NA,0.9806,NA,NA,NA,0.1034,0.0417,NA,NA,NA,0.0114,NA,0.0226,0.0231,NA,0.9806,NA,NA,NA,0.1034,0.0417,NA,NA,NA,0.0119,NA,0.0239,0.0229,NA,0.9806,NA,NA,NA,0.1034,0.0417,NA,NA,NA,0.0116,NA,0.023,"","block of flats",0.0139,"Stone, brick","No",4,0,4,0,-466,0,1,0,0,0,0,0,0,0,0,0,0,0,0,0,0,0,0,0,0,0,0,0,1,0,0
100061,0,"Cash loans","F","N","Y",2,225000,314055,16164,238500,"Unaccompanied","Commercial associate","Higher education","Married","House / apartment",0.006629,-10473,-1392,-2025,-1240,NA,1,1,0,1,0,0,"Core staff",4,2,2,"THURSDAY",3,0,0,0,1,1,0,"Self-employed",0.189595799550183,0.702979104604989,0.701695774057693,NA,NA,NA,NA,NA,NA,NA,NA,NA,NA,NA,NA,NA,NA,NA,NA,NA,NA,NA,NA,NA,NA,NA,NA,NA,NA,NA,NA,NA,NA,NA,NA,NA,NA,NA,NA,NA,NA,NA,NA,NA,NA,"","",NA,"","",0,0,0,0,-570,0,1,0,0,0,0,0,0,0,0,0,0,0,0,0,0,0,0,0,0,0,0,0,0,0,5
100062,0,"Cash loans","M","Y","N",0,81000,675000,32472,675000,"Unaccompanied","Pensioner","Secondary / secondary special","Married","House / apartment",0.010006,-18611,365243,-6936,-2142,8,1,0,0,1,1,0,"",2,2,2,"TUESDAY",17,0,0,0,0,0,0,"XNA",NA,0.662864926815218,0.738019619629524,0.2165,0.1678,0.9846,0.7892,NA,0.24,0.2069,0.3333,0.375,0.1071,NA,NA,NA,0.0151,0.2206,0.1741,0.9846,0.7975,NA,0.2417,0.2069,0.3333,0.375,0.1095,NA,NA,NA,0.016,0.2186,0.1678,0.9846,0.792,NA,0.24,0.2069,0.3333,0.375,0.1089,NA,NA,NA,0.0154,"reg oper account","block of flats",0.2048,"Panel","No",0,0,0,0,-462,0,1,0,0,0,0,0,0,0,0,0,0,0,0,0,0,0,0,0,0,0,0,0,0,0,2
100063,0,"Cash loans","F","N","Y",0,180000,837427.5,45558,666000,"Unaccompanied","Working","Higher education","Married","House / apartment",0.022625,-12955,-4106,-7054,-5164,NA,1,1,0,1,1,1,"Managers",2,2,2,"MONDAY",15,0,0,0,0,0,0,"Medicine",0.552771902051987,0.616637292642648,0.0701088438273582,0.1186,0.066,0.9801,0.728,0.0385,0.04,0.0345,0.3333,0.0417,0.0606,0.0958,0.0822,0.0039,2e-04,0.1208,0.0685,0.9801,0.7387,0.0388,0.0403,0.0345,0.3333,0.0417,0.062,0.1047,0.0856,0.0039,2e-04,0.1197,0.066,0.9801,0.7316,0.0387,0.04,0.0345,0.3333,0.0417,0.0616,0.0975,0.0837,0.0039,2e-04,"reg oper spec account","block of flats",0.0857,"Stone, brick","No",1,1,1,1,-1547,0,1,0,0,0,0,0,0,0,0,0,0,0,0,0,0,0,0,0,0,0,0,0,1,0,4
100064,0,"Cash loans","F","N","N",0,67500,298728,15381,202500,"Family","Pensioner","Secondary / secondary special","Single / not married","Municipal apartment",0.019101,-21621,365243,-2019,-1344,NA,1,0,0,1,0,0,"",1,2,2,"MONDAY",9,0,0,0,0,0,0,"XNA",NA,0.62270827335559,0.169428727266479,NA,NA,NA,NA,NA,NA,NA,NA,NA,NA,NA,NA,NA,NA,NA,NA,NA,NA,NA,NA,NA,NA,NA,NA,NA,NA,NA,NA,NA,NA,NA,NA,NA,NA,NA,NA,NA,NA,NA,NA,NA,NA,"","",NA,"","",0,0,0,0,0,0,1,0,0,0,0,0,0,0,0,0,0,0,0,0,0,0,0,0,0,0,0,0,0,0,0
100068,0,"Revolving loans","M","N","Y",0,81000,247500,12375,247500,"Unaccompanied","Working","Secondary / secondary special","Married","House / apartment",0.031329,-18248,-2351,-4375,-1721,NA,1,1,1,1,1,0,"Security staff",2,2,2,"WEDNESDAY",14,0,0,0,0,1,1,"Security",0.237719719257702,0.609135292079529,0.513693766303947,0.1227,0.1572,0.9886,0.8436,0.0029,0,0.3448,0.1667,0.2083,0.0554,0.0992,0.1177,0.0039,0.0052,0.125,0.1631,0.9886,0.8497,0.0029,0,0.3448,0.1667,0.2083,0.0566,0.1084,0.1226,0.0039,0.0055,0.1239,0.1572,0.9886,0.8457,0.0029,0,0.3448,0.1667,0.2083,0.0563,0.1009,0.1198,0.0039,0.0053,"org spec account","block of flats",0.0926,"Panel","No",2,0,2,0,-167,0,0,0,0,0,0,0,0,0,0,0,0,0,0,0,0,0,0,0,0,0,0,0,0,0,0
100069,0,"Cash loans","M","Y","Y",1,360000,640458,27265.5,517500,"Unaccompanied","Working","Secondary / secondary special","Separated","House / apartment",0.00733,-14186,-1743,-2128,-4982,10,1,1,0,1,0,0,"Laborers",2,2,2,"MONDAY",11,0,1,1,0,1,1,"Transport: type 4",NA,0.256737042959515,0.707699344740262,NA,NA,NA,NA,NA,NA,NA,NA,NA,NA,NA,NA,NA,NA,NA,NA,NA,NA,NA,NA,NA,NA,NA,NA,NA,NA,NA,NA,NA,NA,NA,NA,NA,NA,NA,NA,NA,NA,NA,NA,NA,NA,"","",NA,"","",0,0,0,0,-112,0,1,0,0,0,0,0,0,0,0,0,0,0,0,0,0,0,0,0,0,0,0,0,0,1,3
100070,0,"Cash loans","M","Y","Y",0,540000,1227901.5,46899,1129500,"Unaccompanied","Working","Higher education","Widow","House / apartment",0.032561,-20544,-2091,-6846,-566,2,1,1,1,1,0,0,"Managers",1,1,1,"TUESDAY",14,0,0,0,0,0,0,"Business Entity Type 3",NA,0.65359721210813,0.339287699908914,0.0256,0,0.9354,0.116,0.0076,0,0.1172,0.1,0.1417,0.0664,0.0202,0.0305,0.0039,0.0084,0.0063,0,0.9136,0,6e-04,0,0.069,0.0833,0.125,0.0819,0.0055,0.0072,0,0,0.0104,0,0.9136,0,0.0015,0,0.069,0.0833,0.125,0.0815,0.0086,0.007,0.0039,0.0013,"reg oper account","block of flats",0.0058,"Stone, brick","No",0,0,0,0,-1377,0,0,0,0,0,0,1,0,0,0,0,0,0,0,0,0,0,0,0,0,0,0,0,0,0,0
100071,0,"Cash loans","F","N","Y",0,180000,1663987.5,86989.5,1588500,"Family","Commercial associate","Secondary / secondary special","Married","House / apartment",0.018801,-20121,-2446,-6755,-2177,NA,1,1,0,1,0,0,"Accountants",2,2,2,"MONDAY",12,0,0,0,0,0,0,"Industry: type 11",NA,0.570666356379991,0.697146907784446,0.0876,0.0496,0.9841,0.7824,0.0096,0.04,0.0345,0.4583,0.5,0.0208,0.0698,0.0767,0.0077,0.021,0.0893,0.0515,0.9841,0.7909,0.0097,0.0403,0.0345,0.4583,0.5,0.0213,0.0762,0.0799,0.0078,0.0222,0.0885,0.0496,0.9841,0.7853,0.0097,0.04,0.0345,0.4583,0.5,0.0212,0.071,0.0781,0.0078,0.0214,"reg oper spec account","block of flats",0.0701,"Stone, brick","No",0,0,0,0,-1572,0,1,0,0,0,0,0,0,0,0,0,0,0,0,0,0,0,0,0,0,0,0,0,2,0,1
100072,0,"Cash loans","M","N","N",0,180000,1080000,44118,1080000,"Unaccompanied","Working","Incomplete higher","Single / not married","With parents",0.010006,-7907,-1324,-4557,-586,NA,1,1,0,1,0,1,"Sales staff",1,2,1,"TUESDAY",9,0,0,0,0,0,0,"Trade: type 2",NA,0.0265407750366898,0.434733248750173,0.0928,0.0955,0.9856,0.8028,0.013,0,0.2069,0.1667,0.2083,0.1147,0.0756,0.0913,0,0,0.0945,0.0991,0.9856,0.8105,0.0131,0,0.2069,0.1667,0.2083,0.1173,0.0826,0.0951,0,0,0.0937,0.0955,0.9856,0.8054,0.0131,0,0.2069,0.1667,0.2083,0.1167,0.077,0.0929,0,0,"reg oper account","block of flats",0.0804,"Panel","No",0,0,0,0,-725,0,0,0,0,0,0,0,0,0,0,0,0,0,0,0,0,0,0,0,0,0,0,0,0,0,4
100073,0,"Cash loans","M","Y","Y",0,324000,1130760,40189.5,810000,"Unaccompanied","Pensioner","Higher education","Civil marriage","House / apartment",0.01885,-22843,365243,-1042,-3967,10,1,0,0,1,0,0,"",2,2,2,"THURSDAY",9,0,0,0,0,0,0,"XNA",NA,0.733051193099661,0.234015166532067,0.1928,0.2309,0.9955,NA,NA,0.16,0.1379,0.6667,NA,0.1427,NA,0.2818,NA,0.1341,0.1964,0.2396,0.9955,NA,NA,0.1611,0.1379,0.6667,NA,0.1459,NA,0.2936,NA,0.142,0.1947,0.2309,0.9955,NA,NA,0.16,0.1379,0.6667,NA,0.1452,NA,0.2869,NA,0.1369,"","block of flats",0.2522,"Stone, brick","No",0,0,0,0,-2385,0,1,0,0,0,0,0,0,0,0,0,0,0,0,0,0,0,0,0,0,0,0,0,0,1,1
100075,0,"Cash loans","F","N","N",0,112500,95940,10462.5,90000,"Family","Working","Higher education","Single / not married","House / apartment",0.00496,-12240,-3720,-5246,-4541,NA,1,1,0,1,0,0,"",1,2,2,"MONDAY",14,0,0,0,0,0,0,"University",0.299606141120513,0.664543941124661,0.492060093864926,NA,NA,NA,NA,NA,NA,NA,NA,NA,NA,NA,NA,NA,NA,NA,NA,NA,NA,NA,NA,NA,NA,NA,NA,NA,NA,NA,NA,NA,NA,NA,NA,NA,NA,NA,NA,NA,NA,NA,NA,NA,NA,"","",NA,"","",0,0,0,0,-280,0,1,0,0,0,0,0,0,0,0,0,0,0,0,0,0,0,0,0,0,0,0,0,0,0,5
100076,0,"Cash loans","M","Y","N",0,180000,315000,9679.5,315000,"","Commercial associate","Secondary / secondary special","Married","House / apartment",0.028663,-13866,-2546,-5448,-4097,1,1,1,0,1,0,0,"Drivers",2,2,2,"MONDAY",12,0,0,0,0,0,0,"Transport: type 3",NA,0.584887355535694,0.0950703958413327,0.0124,NA,0.9677,0.558,0.0013,0,0.069,0.0417,0.0417,0.0489,0.0101,0.01,0,0,0.0126,NA,0.9677,0.5753,0.0013,0,0.069,0.0417,0.0417,0.05,0.011,0.0105,0,0,0.0125,NA,0.9677,0.5639,0.0013,0,0.069,0.0417,0.0417,0.0498,0.0103,0.0102,0,0,"reg oper account","block of flats",0.0079,"Block","No",0,0,0,0,-3,0,0,0,0,0,0,1,0,0,0,0,0,0,0,0,0,0,0,0,0,0,0,0,0,0,0
100077,0,"Cash loans","M","N","Y",0,180000,1256400,40657.5,9e+05,"Unaccompanied","Commercial associate","Secondary / secondary special","Single / not married","House / apartment",0.072508,-12049,-579,-6105,-1,NA,1,1,0,1,0,0,"Core staff",1,1,1,"WEDNESDAY",12,0,0,0,0,0,0,"Police",0.286783078911606,0.647347821982805,0.562060483173804,0.1433,0.0993,0.9811,0.7416,0,0.16,0.1379,0.3333,0.375,0,0.1168,0.1367,0,0.0207,0.146,0.103,0.9811,0.7517,0,0.1611,0.1379,0.3333,0.375,0,0.1276,0.1425,0,0.0219,0.1447,0.0993,0.9811,0.7451,0,0.16,0.1379,0.3333,0.375,0,0.1189,0.1392,0,0.0211,"reg oper account","block of flats",0.1114,"Panel","No",4,0,4,0,-295,0,1,0,0,0,0,0,0,0,0,0,0,0,0,0,0,0,0,0,0,0,0,0,0,0,8
100078,0,"Cash loans","F","Y","Y",0,180000,1035000,43983,1035000,"Unaccompanied","State servant","Higher education","Married","House / apartment",0.028663,-19550,-4856,-6836,-3084,21,1,1,0,1,0,0,"Core staff",2,2,2,"TUESDAY",9,0,0,0,0,0,0,"Government",0.7961611232881,0.517270400442567,0.429423684342195,NA,NA,NA,NA,NA,NA,NA,NA,NA,NA,NA,NA,NA,NA,NA,NA,NA,NA,NA,NA,NA,NA,NA,NA,NA,NA,NA,NA,NA,NA,NA,NA,NA,NA,NA,NA,NA,NA,NA,NA,NA,NA,"","",NA,"","",0,0,0,0,-1594,0,1,0,0,0,0,0,0,0,0,0,0,0,0,0,0,0,0,0,0,0,0,0,0,0,3
100079,0,"Revolving loans","M","N","Y",0,225000,270000,13500,270000,"Unaccompanied","Working","Secondary / secondary special","Separated","Municipal apartment",0.00733,-15359,-114,-5076,-2922,NA,1,1,0,1,0,0,"Laborers",1,2,2,"THURSDAY",9,0,0,0,0,1,1,"Construction",0.202477374074608,0.561922956592961,0.413596760264428,NA,NA,NA,NA,NA,NA,NA,NA,NA,NA,NA,NA,NA,NA,NA,NA,NA,NA,NA,NA,NA,NA,NA,NA,NA,NA,NA,NA,NA,NA,NA,NA,NA,NA,NA,NA,NA,NA,NA,NA,NA,NA,"","",NA,"","",0,0,0,0,-662,0,0,0,0,0,0,0,0,0,0,0,0,0,0,0,0,0,0,0,0,0,0,0,1,0,0
100080,0,"Revolving loans","F","N","N",1,157500,450000,22500,450000,"Unaccompanied","Commercial associate","Secondary / secondary special","Civil marriage","House / apartment",0.010966,-11956,-3154,-8118,-4143,NA,1,1,0,1,0,0,"Sales staff",3,2,2,"SUNDAY",10,0,0,0,0,0,0,"Kindergarten",0.411506410425191,0.123888292284414,0.832785025299231,0.2175,0.1455,0.9891,0.8504,0.0443,0.24,0.2069,0.3333,0.375,0.1343,0.1774,0.2129,0,0.0039,0.2216,0.1509,0.9891,0.8563,0.0447,0.2417,0.2069,0.3333,0.375,0.1373,0.1938,0.2218,0,0.0041,0.2196,0.1455,0.9891,0.8524,0.0445,0.24,0.2069,0.3333,0.375,0.1366,0.1804,0.2167,0,0.004,"reg oper spec account","block of flats",0.1925,"Panel","No",NA,NA,NA,NA,-1711,0,0,0,0,0,0,0,0,0,0,0,0,0,0,0,0,0,0,0,0,0,0,0,0,0,5
100081,0,"Cash loans","M","Y","N",0,180000,450000,21109.5,450000,"Unaccompanied","Commercial associate","Secondary / secondary special","Civil marriage","House / apartment",0.01452,-10848,-121,-4809,-3494,20,1,1,0,1,0,0,"Laborers",2,2,2,"SATURDAY",9,0,0,0,0,0,0,"Other",NA,0.645438493060931,NA,0.067,0,0.9752,0.66,0.0068,0,0.1379,0.1667,0.2083,0.0483,0.0538,0.0506,0.0039,0.0465,0.0683,0,0.9752,0.6733,0.0069,0,0.1379,0.1667,0.2083,0.0494,0.0588,0.0528,0.0039,0.0492,0.0677,0,0.9752,0.6645,0.0069,0,0.1379,0.1667,0.2083,0.0491,0.0547,0.0516,0.0039,0.0475,"reg oper account","block of flats",0.0436,"Stone, brick","No",1,0,1,0,-2519,0,0,0,0,0,0,1,0,0,0,0,0,0,0,0,0,0,0,0,0,NA,NA,NA,NA,NA,NA
100082,0,"Cash loans","M","N","N",2,180000,450000,21109.5,450000,"Unaccompanied","Commercial associate","Higher education","Married","House / apartment",0.01885,-12009,-2844,-1377,-3656,NA,1,1,1,1,1,0,"Laborers",4,2,2,"MONDAY",12,0,0,0,0,0,0,"Business Entity Type 3",0.357706547262061,0.686504797545302,0.394495405312399,0.0722,0.0487,0.9826,0.762,0.0085,0,0.1379,0.1667,0.2083,0.0176,0.0588,0.0505,0,0,0.0735,0.0505,0.9826,0.7713,0.0086,0,0.1379,0.1667,0.2083,0.018,0.0643,0.0526,0,0,0.0729,0.0487,0.9826,0.7652,0.0086,0,0.1379,0.1667,0.2083,0.0179,0.0599,0.0514,0,0,"reg oper spec account","block of flats",0.0444,"Panel","No",0,0,0,0,-1003,0,1,0,0,0,0,0,0,0,0,0,0,0,0,0,0,0,0,0,0,0,0,0,1,0,2
100083,0,"Cash loans","M","Y","Y",0,103500,573628.5,24435,463500,"Unaccompanied","Working","Secondary / secondary special","Married","House / apartment",0.009657,-15406,-892,-341,-4176,22,1,1,0,1,0,0,"Laborers",2,2,2,"MONDAY",18,0,0,0,0,0,0,"Business Entity Type 3",0.270766163373382,0.707126316173499,0.597192426833713,0.1464,0.1291,0.9861,0.8096,0.108,0.04,0.0345,0.3333,0.375,0,0.1194,0.0933,0,0,0.1492,0.134,0.9861,0.8171,0.109,0.0403,0.0345,0.3333,0.375,0,0.1304,0.0972,0,0,0.1478,0.1291,0.9861,0.8121,0.1087,0.04,0.0345,0.3333,0.375,0,0.1214,0.0949,0,0,"reg oper account","block of flats",0.1324,"Stone, brick","No",2,1,2,1,-2053,0,1,0,0,0,0,0,0,0,0,0,0,0,0,0,0,0,0,0,0,0,0,0,0,0,3
100084,0,"Cash loans","M","N","Y",2,225000,495351,26140.5,459000,"Unaccompanied","Working","Secondary / secondary special","Separated","House / apartment",0.02461,-14860,-1156,-23,-1072,NA,1,1,0,1,0,0,"Laborers",3,2,2,"FRIDAY",10,0,0,0,0,0,0,"Business Entity Type 3",NA,0.570527050724384,0.694092642526666,0.0165,0,0.9727,0.626,NA,0,0.069,0.0417,NA,0.0249,NA,0.011,NA,0,0.0168,0,0.9727,0.6406,NA,0,0.069,0.0417,NA,0.0255,NA,0.0114,NA,0,0.0167,0,0.9727,0.631,NA,0,0.069,0.0417,NA,0.0254,NA,0.0112,NA,0,"","block of flats",0.0093,"Block","No",1,0,1,0,-1475,0,1,0,0,0,0,0,0,0,0,0,0,0,0,1,0,0,0,0,0,0,0,0,0,1,0
100085,0,"Cash loans","M","N","Y",1,157500,755190,28894.5,675000,"Unaccompanied","Working","Secondary / secondary special","Married","House / apartment",0.016612,-11187,-2224,-3253,-3723,NA,1,1,1,1,0,0,"Drivers",3,2,2,"WEDNESDAY",12,0,0,0,0,0,0,"Business Entity Type 1",NA,0.368718984983743,0.358951228578397,NA,NA,NA,NA,NA,NA,NA,NA,NA,NA,NA,NA,NA,NA,NA,NA,NA,NA,NA,NA,NA,NA,NA,NA,NA,NA,NA,NA,NA,NA,NA,NA,NA,NA,NA,NA,NA,NA,NA,NA,NA,NA,"","",NA,"","",7,0,7,0,-1175,0,1,0,0,0,0,0,0,0,0,0,0,0,0,1,0,0,0,0,0,0,0,0,0,0,0
100086,0,"Cash loans","F","N","Y",1,135000,675000,21775.5,675000,"Unaccompanied","Commercial associate","Higher education","Widow","House / apartment",0.019101,-14264,-2492,-4327,-4517,NA,1,1,0,1,0,0,"Laborers",2,2,2,"THURSDAY",12,0,0,0,0,0,0,"Self-employed",NA,0.569873236865583,0.198620045107486,NA,NA,NA,NA,NA,NA,NA,NA,NA,NA,NA,NA,NA,NA,NA,NA,NA,NA,NA,NA,NA,NA,NA,NA,NA,NA,NA,NA,NA,NA,NA,NA,NA,NA,NA,NA,NA,NA,NA,NA,NA,NA,"","",NA,"","",0,0,0,0,-1597,0,1,0,0,0,0,0,0,0,0,0,0,0,0,0,0,0,0,0,0,0,0,0,1,4,2
100087,0,"Cash loans","F","N","Y",1,202500,1288350,37800,1125000,"Unaccompanied","Working","Secondary / secondary special","Married","House / apartment",0.003069,-17542,-2011,-1529,-988,NA,1,1,0,1,0,0,"Cooking staff",3,3,3,"FRIDAY",11,0,0,0,0,0,0,"Self-employed",NA,0.57206414714141,0.191821602413606,NA,NA,NA,NA,NA,NA,NA,NA,NA,NA,NA,NA,NA,NA,NA,NA,NA,NA,NA,NA,NA,NA,NA,NA,NA,NA,NA,NA,NA,NA,NA,NA,NA,NA,NA,NA,NA,NA,NA,NA,NA,NA,"","",NA,"","",2,1,2,1,-1230,0,1,0,0,0,0,0,0,0,0,0,0,0,0,0,0,0,0,0,0,0,0,0,0,0,3
100088,0,"Revolving loans","F","N","N",0,112500,135000,6750,135000,"Unaccompanied","Commercial associate","Higher education","Married","House / apartment",0.0228,-19467,-4066,-4623,-2975,NA,1,1,0,1,0,0,"",2,2,2,"THURSDAY",15,0,0,0,0,0,0,"School",NA,0.58517403008893,0.408358853123043,NA,NA,NA,NA,NA,NA,NA,NA,NA,NA,NA,NA,NA,NA,NA,NA,NA,NA,NA,NA,NA,NA,NA,NA,NA,NA,NA,NA,NA,NA,NA,NA,NA,NA,NA,NA,NA,NA,NA,NA,NA,NA,"","",NA,"","",0,0,0,0,-1537,0,0,0,0,0,0,0,0,0,0,0,0,0,0,0,0,0,0,0,0,0,0,0,0,0,2
100089,0,"Cash loans","M","N","Y",0,135000,337761,15781.5,256500,"Unaccompanied","Working","Secondary / secondary special","Civil marriage","House / apartment",0.025164,-9666,-2811,-4437,-2342,NA,1,1,0,1,1,0,"Laborers",2,2,2,"TUESDAY",12,0,0,0,0,0,0,"Self-employed",NA,0.550057993015765,0.535276250472483,0.0722,0.0752,0.6508,0.6736,0.008,0,0.1379,0.1667,0.2083,0.0671,0.0664,0.0639,0.0039,0.0029,0.063,0.0653,0,0.6864,0.0081,0,0.1379,0.1667,0.2083,0.0581,0.0725,0.0555,0.0039,0.0031,0.0729,0.08,0.9762,0.678,0.0081,0,0.1379,0.1667,0.2083,0.0659,0.0676,0.0701,0.0039,0.003,"reg oper account","block of flats",0.0472,"Panel","No",2,0,2,0,-92,0,1,0,0,0,0,0,0,0,0,0,0,0,0,0,0,0,0,0,0,0,0,0,0,0,3
100093,0,"Cash loans","F","N","Y",1,94500,585000,28273.5,585000,"Unaccompanied","Working","Secondary / secondary special","Married","House / apartment",0.028663,-18253,-721,-1701,-1779,NA,1,1,0,1,1,0,"Core staff",3,2,2,"TUESDAY",16,0,0,0,0,0,0,"Postal",0.59270099392192,0.488599915377703,NA,NA,NA,NA,NA,NA,NA,NA,NA,NA,NA,NA,NA,NA,NA,NA,NA,NA,NA,NA,NA,NA,NA,NA,NA,NA,NA,NA,NA,NA,NA,NA,NA,NA,NA,NA,NA,NA,NA,NA,NA,NA,NA,"","",NA,"","",0,0,0,0,0,0,1,0,0,0,0,0,0,0,0,0,0,0,0,0,0,0,0,0,0,0,0,0,0,0,3
100094,0,"Cash loans","F","N","Y",0,108000,113760,5301,90000,"Unaccompanied","Pensioner","Higher education","Single / not married","House / apartment",0.030755,-22935,365243,-12623,-3442,NA,1,0,0,1,0,0,"",1,2,2,"THURSDAY",10,0,0,0,0,0,0,"XNA",NA,0.582735476912431,0.452533559258175,0.1474,0.0669,0.9578,NA,NA,0,0.3103,0.2083,NA,0.0663,NA,0.1648,NA,0.0427,0.1502,0.0694,0.9578,NA,NA,0,0.3103,0.2083,NA,0.0679,NA,0.1717,NA,0.0452,0.1489,0.0669,0.9578,NA,NA,0,0.3103,0.2083,NA,0.0675,NA,0.1678,NA,0.0436,"","block of flats",0.1584,"Stone, brick","No",3,0,3,0,-260,0,1,0,0,0,0,0,0,0,0,0,0,0,0,0,0,0,0,0,0,0,0,0,0,0,0
100095,0,"Revolving loans","F","N","Y",2,67500,135000,6750,135000,"Unaccompanied","Working","Secondary / secondary special","Married","House / apartment",0.020246,-18693,-1434,-10255,-2241,NA,1,1,0,1,1,0,"Sales staff",4,3,3,"THURSDAY",8,0,0,0,0,0,0,"Trade: type 7",0.586697591623453,0.304506114543055,NA,NA,NA,NA,NA,NA,NA,NA,NA,NA,NA,NA,NA,NA,NA,NA,NA,NA,NA,NA,NA,NA,NA,NA,NA,NA,NA,NA,NA,NA,NA,NA,NA,NA,NA,NA,NA,NA,NA,NA,NA,NA,NA,"","",NA,"","",0,0,0,0,-1040,0,0,0,0,0,0,0,0,0,0,0,0,0,0,0,0,0,0,0,0,NA,NA,NA,NA,NA,NA
100096,1,"Cash loans","F","N","Y",0,81000,252000,14593.5,252000,"Unaccompanied","Pensioner","Secondary / secondary special","Married","House / apartment",0.028663,-24794,365243,-5391,-4199,NA,1,0,0,1,0,0,"",2,2,2,"THURSDAY",10,0,0,0,0,0,0,"XNA",NA,0.0239523667712844,0.72094414994365,NA,NA,NA,NA,NA,NA,NA,NA,NA,NA,NA,NA,NA,NA,NA,NA,NA,NA,NA,NA,NA,NA,NA,NA,NA,NA,NA,NA,NA,NA,NA,NA,NA,NA,NA,NA,NA,NA,NA,NA,NA,NA,"","",NA,"","",1,1,1,1,0,0,0,0,0,1,0,0,0,0,0,0,0,0,0,0,0,0,0,0,0,0,0,0,0,0,0
100097,0,"Cash loans","M","Y","Y",0,157500,760225.5,30280.5,679500,"Unaccompanied","Working","Secondary / secondary special","Married","House / apartment",0.035792,-17527,-2442,-3500,-983,20,1,1,0,1,0,0,"",2,2,2,"THURSDAY",10,0,0,0,0,1,1,"Business Entity Type 3",NA,0.357342233714728,0.644679454958596,NA,NA,NA,NA,NA,NA,NA,NA,NA,NA,NA,NA,NA,NA,NA,NA,NA,NA,NA,NA,NA,NA,NA,NA,NA,NA,NA,NA,NA,NA,NA,NA,NA,NA,NA,NA,NA,NA,NA,NA,NA,NA,"","",NA,"","",6,0,6,0,-371,0,1,0,0,0,0,0,0,0,0,0,0,0,0,0,0,0,0,0,0,0,0,1,0,0,0
100098,0,"Revolving loans","M","Y","N",0,225000,270000,13500,270000,"Unaccompanied","Working","Secondary / secondary special","Civil marriage","House / apartment",0.01885,-17390,-924,-7211,-907,1,1,1,0,1,0,0,"Drivers",2,2,2,"WEDNESDAY",9,0,0,0,0,0,0,"Transport: type 3",NA,0.597081153332167,NA,NA,NA,NA,NA,NA,NA,NA,NA,NA,NA,NA,NA,NA,NA,NA,NA,NA,NA,NA,NA,NA,NA,NA,NA,NA,NA,NA,NA,NA,NA,NA,NA,NA,NA,NA,NA,NA,NA,NA,NA,NA,NA,"","",NA,"","",0,0,0,0,-617,0,0,0,0,0,0,0,0,0,0,0,0,0,0,0,0,0,0,0,0,NA,NA,NA,NA,NA,NA
100099,0,"Cash loans","F","N","Y",0,360000,733315.5,41076,679500,"Unaccompanied","Pensioner","Secondary / secondary special","Separated","House / apartment",0.009175,-23032,365243,-9506,-793,NA,1,0,0,1,0,0,"",1,2,2,"THURSDAY",12,1,0,0,0,0,0,"XNA",NA,0.660578981859344,0.342528872074225,0.0454,0.0108,0.9742,NA,NA,0,0.1034,0.125,NA,0.0292,NA,0.036,NA,0.0148,0.0462,0.0112,0.9742,NA,NA,0,0.1034,0.125,NA,0.0299,NA,0.0375,NA,0.0157,0.0458,0.0108,0.9742,NA,NA,0,0.1034,0.125,NA,0.0297,NA,0.0367,NA,0.0152,"","block of flats",0.0315,"Stone, brick","No",4,0,4,0,0,0,1,0,0,0,0,0,0,0,0,0,0,0,0,0,0,0,0,0,0,0,0,0,0,0,3
100100,0,"Cash loans","M","Y","Y",2,202500,796396.5,38443.5,643500,"Unaccompanied","Working","Higher education","Married","House / apartment",0.008019,-15909,-1094,-3134,-4180,65,1,1,0,1,0,1,"Managers",4,2,2,"FRIDAY",17,0,0,0,0,1,1,"Industry: type 11",0.447675139360808,0.495765140717496,0.824594970991993,NA,NA,NA,NA,NA,NA,NA,NA,NA,NA,NA,NA,NA,NA,NA,NA,NA,NA,NA,NA,NA,NA,NA,NA,NA,NA,NA,NA,NA,NA,NA,NA,NA,NA,NA,NA,NA,NA,NA,NA,NA,NA,"","",NA,"","",0,0,0,0,-1876,0,1,0,0,0,0,0,0,0,0,0,0,0,0,0,0,0,0,0,0,0,0,0,0,0,2
100101,0,"Cash loans","F","Y","Y",0,202500,343377,22072.5,283500,"Unaccompanied","State servant","Higher education","Single / not married","House / apartment",0.072508,-18138,-969,-7421,-1681,5,1,1,0,1,0,0,"High skill tech staff",1,1,1,"WEDNESDAY",13,0,0,0,0,0,0,"Business Entity Type 1",NA,0.716212210253899,NA,NA,NA,NA,NA,NA,NA,NA,NA,NA,NA,NA,NA,NA,NA,NA,NA,NA,NA,NA,NA,NA,NA,NA,NA,NA,NA,NA,NA,NA,NA,NA,NA,NA,NA,NA,NA,NA,NA,NA,NA,NA,NA,"","",NA,"","",0,0,0,0,-1585,0,0,0,0,0,0,1,0,0,0,0,0,0,0,0,0,0,0,0,0,NA,NA,NA,NA,NA,NA
100102,0,"Cash loans","F","N","N",1,126000,327024,10264.5,270000,"Unaccompanied","Working","Secondary / secondary special","Single / not married","House / apartment",0.02461,-14321,-192,-6913,-5942,NA,1,1,0,1,1,0,"Laborers",2,2,2,"SUNDAY",13,0,0,0,0,0,0,"Transport: type 4",0.414794069354306,0.661108307751027,0.477649154851755,0.0041,NA,0.9722,0.6192,NA,NA,0.0345,0,0.0417,0.0144,0.0034,0.0048,0,0,0.0042,NA,0.9722,0.6341,NA,NA,0.0345,0,0.0417,0.0147,0.0037,0.005,0,0,0.0042,NA,0.9722,0.6243,NA,NA,0.0345,0,0.0417,0.0146,0.0034,0.0049,0,0,"reg oper account","block of flats",0.0083,"Others","No",1,0,1,0,-2,0,1,0,0,0,0,0,0,0,0,0,0,0,0,1,0,0,0,0,0,0,0,0,6,0,0
100103,0,"Cash loans","F","N","Y",0,72000,450000,16965,450000,"Unaccompanied","Working","Secondary / secondary special","Married","House / apartment",0.009175,-21112,-1694,-6057,-4013,NA,1,1,1,1,0,0,"",2,2,2,"FRIDAY",12,0,0,0,0,0,0,"School",NA,0.718057536589683,0.511891801533151,NA,NA,NA,NA,NA,NA,NA,NA,NA,NA,NA,NA,NA,NA,NA,NA,NA,NA,NA,NA,NA,NA,NA,NA,NA,NA,NA,NA,NA,NA,NA,NA,NA,NA,NA,NA,NA,NA,NA,NA,NA,NA,"","",NA,"","",4,0,4,0,0,0,1,0,0,0,0,0,0,0,0,0,0,0,0,0,0,0,0,0,0,0,0,0,0,0,0
100104,0,"Cash loans","F","N","Y",0,90000,547344,30690,472500,"Unaccompanied","Working","Secondary / secondary special","Married","House / apartment",0.022625,-18556,-862,-6769,-2045,NA,1,1,0,1,1,0,"Waiters/barmen staff",2,2,2,"WEDNESDAY",17,0,0,0,0,0,0,"Business Entity Type 3",0.763137061817584,0.644627372156055,NA,NA,NA,NA,NA,NA,NA,NA,NA,NA,NA,NA,NA,NA,NA,NA,NA,NA,NA,NA,NA,NA,NA,NA,NA,NA,NA,NA,NA,NA,NA,NA,NA,NA,NA,NA,NA,NA,NA,NA,NA,NA,NA,"","",NA,"","",1,0,1,0,-2591,0,1,0,0,0,0,0,0,0,0,0,0,0,0,0,0,0,0,0,0,0,0,0,0,0,1
100105,0,"Cash loans","F","N","Y",0,193500,225000,23755.5,225000,"Unaccompanied","Working","Secondary / secondary special","Married","House / apartment",0.031329,-19810,-8862,-4493,-3043,NA,1,1,1,1,1,0,"Managers",2,2,2,"TUESDAY",11,0,0,0,0,0,0,"Government",0.765153942091246,0.254759957146912,0.41184855592424,NA,NA,NA,NA,NA,NA,NA,NA,NA,NA,NA,NA,NA,NA,NA,NA,NA,NA,NA,NA,NA,NA,NA,NA,NA,NA,NA,NA,NA,NA,NA,NA,NA,NA,NA,NA,NA,NA,NA,NA,NA,NA,"","",NA,"","",0,0,0,0,-1733,0,1,0,0,0,0,0,0,0,0,0,0,0,0,0,0,0,0,0,0,0,0,0,0,2,4
100108,0,"Cash loans","F","N","Y",3,171000,545040,31288.5,450000,"Unaccompanied","Working","Secondary / secondary special","Married","House / apartment",0.006629,-12780,-1415,-5146,-870,NA,1,1,1,1,1,0,"Sales staff",5,2,2,"WEDNESDAY",11,0,0,0,0,1,1,"Business Entity Type 3",NA,0.756667979724607,0.641368257495405,NA,NA,NA,NA,NA,NA,NA,NA,NA,NA,NA,NA,NA,NA,NA,NA,NA,NA,NA,NA,NA,NA,NA,NA,NA,NA,NA,NA,NA,NA,NA,NA,NA,NA,NA,NA,NA,NA,NA,NA,NA,NA,"","",NA,"","",3,0,3,0,-546,0,1,0,0,0,0,0,0,0,0,0,0,0,0,0,0,0,0,0,0,0,0,0,0,0,0
100110,0,"Cash loans","M","Y","Y",3,135000,373140,25065,337500,"Unaccompanied","Commercial associate","Secondary / secondary special","Married","House / apartment",0.035792,-10744,-741,-442,-2381,21,1,1,0,1,0,0,"Laborers",5,2,2,"WEDNESDAY",9,0,0,0,0,1,1,"Housing",NA,0.6405493008893,0.328063160520192,NA,NA,NA,NA,NA,NA,NA,NA,NA,NA,NA,NA,NA,NA,NA,NA,NA,NA,NA,NA,NA,NA,NA,NA,NA,NA,NA,NA,NA,NA,NA,NA,NA,NA,NA,NA,NA,NA,NA,NA,NA,NA,"","",NA,"","",0,0,0,0,0,0,1,0,0,0,0,0,0,0,0,0,0,0,0,0,0,0,0,0,0,0,0,0,0,1,2
100111,0,"Cash loans","F","Y","N",1,112500,862560,27954,720000,"Unaccompanied","Commercial associate","Secondary / secondary special","Married","With parents",0.0228,-10485,-1249,-4628,-3110,17,1,1,0,1,0,0,"Sales staff",3,2,2,"MONDAY",11,0,0,0,0,0,0,"Business Entity Type 3",0.563323133742002,0.608604105963283,0.228883416700673,0.2619,0.1186,0.9876,0.83,NA,0.32,0.2759,0.3333,0.375,0.0856,NA,0.2675,NA,0.1749,0.2668,0.1231,0.9876,0.8367,NA,0.3222,0.2759,0.3333,0.375,0.0876,NA,0.2787,NA,0.1852,0.2644,0.1186,0.9876,0.8323,NA,0.32,0.2759,0.3333,0.375,0.0871,NA,0.2723,NA,0.1786,"reg oper account","block of flats",0.2576,"Stone, brick","No",1,0,1,0,-1234,0,1,0,0,0,0,0,0,0,0,0,0,0,0,0,0,0,0,0,0,0,0,0,0,0,0
100112,1,"Cash loans","M","Y","Y",0,315000,953460,64107,9e+05,"Family","Commercial associate","Incomplete higher","Single / not married","With parents",0.030755,-10199,-2015,-4802,-1038,2,1,1,0,1,0,0,"",1,2,2,"SUNDAY",13,0,0,0,0,1,1,"Industry: type 4",NA,0.432340211805674,0.0774985464900651,NA,NA,NA,NA,NA,NA,NA,NA,NA,NA,NA,NA,NA,NA,NA,NA,NA,NA,NA,NA,NA,NA,NA,NA,NA,NA,NA,NA,NA,NA,NA,NA,NA,NA,NA,NA,NA,NA,NA,NA,NA,NA,"","",NA,"","",0,0,0,0,-591,0,1,0,0,0,0,0,0,0,0,0,0,0,0,0,0,0,0,0,0,0,0,0,0,0,2
100113,0,"Cash loans","M","Y","N",0,76500,135000,6696,135000,"Unaccompanied","Working","Secondary / secondary special","Single / not married","House / apartment",0.028663,-15137,-7980,-9176,-4576,11,1,1,1,1,0,0,"Low-skill Laborers",1,2,2,"MONDAY",10,0,0,0,0,0,0,"Agriculture",0.475761793003863,0.593018523842152,0.789880346892487,NA,NA,NA,NA,NA,NA,NA,NA,NA,NA,NA,NA,NA,NA,NA,NA,NA,NA,NA,NA,NA,NA,NA,NA,NA,NA,NA,NA,NA,NA,NA,NA,NA,NA,NA,NA,NA,NA,NA,NA,NA,NA,"","",NA,"","",0,0,0,0,-1981,0,1,0,0,0,0,0,0,0,0,0,0,0,0,0,0,0,0,0,0,0,0,0,0,0,2
100114,0,"Cash loans","F","N","Y",0,135000,284400,22599,225000,"Unaccompanied","Commercial associate","Higher education","Single / not married","House / apartment",0.030755,-10734,-693,-7913,-1362,NA,1,1,0,1,0,0,"Laborers",1,2,2,"MONDAY",14,0,0,0,1,1,0,"Restaurant",0.395724266851134,0.154937073565343,0.265049429944381,NA,NA,NA,NA,NA,NA,NA,NA,NA,NA,NA,NA,NA,NA,NA,NA,NA,NA,NA,NA,NA,NA,NA,NA,NA,NA,NA,NA,NA,NA,NA,NA,NA,NA,NA,NA,NA,NA,NA,NA,NA,NA,"","",NA,"","",0,0,0,0,-227,0,1,0,0,0,0,0,0,0,0,0,0,0,0,0,0,0,0,0,0,0,0,0,0,0,2
100115,0,"Cash loans","F","N","N",0,90000,315000,14683.5,315000,"Spouse, partner","Working","Secondary / secondary special","Married","House / apartment",0.028663,-15371,-367,-3071,-4211,NA,1,1,1,1,1,0,"",2,2,2,"SUNDAY",11,0,0,0,0,1,1,"Business Entity Type 3",NA,0.33430019629735,NA,0.0247,0,0.9707,NA,NA,0,0.1034,0.0417,NA,0.0671,NA,0.0243,NA,0,0.0252,0,0.9707,NA,NA,0,0.1034,0.0417,NA,0.0686,NA,0.0253,NA,0,0.025,0,0.9707,NA,NA,0,0.1034,0.0417,NA,0.0682,NA,0.0248,NA,0,"","block of flats",0.021,"Block","No",0,0,0,0,-40,0,1,0,0,0,0,0,0,0,0,0,0,0,0,0,0,0,0,0,0,0,0,0,0,2,2
100116,0,"Cash loans","F","N","Y",0,243000,9e+05,32017.5,9e+05,"Unaccompanied","Working","Higher education","Married","House / apartment",0.010006,-14751,-6737,-3390,-4788,NA,1,1,0,1,0,1,"Core staff",2,2,1,"THURSDAY",11,0,0,0,0,1,1,"Kindergarten",0.671271892580057,0.70027357450292,0.0710551246687366,0.1474,0.4212,0.9975,0.966,NA,0.12,0.1034,0.375,0.375,0.0135,0.1059,0.186,0.0656,0.1969,0.1502,0.4371,0.9975,0.9673,NA,0.1208,0.1034,0.375,0.375,0.0138,0.1157,0.1937,0.0661,0.2084,0.1489,0.4212,0.9975,0.9665,NA,0.12,0.1034,0.375,0.375,0.0138,0.1077,0.1893,0.066,0.201,"reg oper spec account","block of flats",0.217,"Stone, brick","No",2,0,2,0,-1083,0,1,0,0,0,0,0,0,0,0,0,0,0,0,0,0,0,0,0,0,0,0,0,0,0,0
100118,0,"Cash loans","F","N","Y",0,90000,675000,26541,675000,"Unaccompanied","Pensioner","Secondary / secondary special","Widow","House / apartment",0.026392,-22471,365243,-217,-4323,NA,1,0,0,1,0,0,"",1,2,2,"TUESDAY",15,0,0,0,0,0,0,"XNA",NA,0.62630291888661,NA,0.1361,0.0761,0.996,0.9456,0.0525,0.14,0.1207,0.375,0.0417,0.0814,0.1097,0.1539,0.0058,0.0168,0.0777,0.04,0.996,0.9477,0.0295,0.0806,0.069,0.375,0.0417,0.0501,0.0652,0.0788,0,0,0.1374,0.0761,0.996,0.9463,0.0529,0.14,0.1207,0.375,0.0417,0.0828,0.1116,0.1567,0.0058,0.0172,"reg oper account","block of flats",0.2241,"Panel","No",3,2,3,1,0,0,0,0,0,1,0,0,0,0,0,0,0,0,0,0,0,0,0,0,0,NA,NA,NA,NA,NA,NA
